"ltable_id","rtable_id",label
1036,1711,1
11,2010,1
531,1089,1
22,1862,1
1562,2274,1
1061,1284,1
38,2090,1
1079,1398,1
1086,917,1
575,527,1
1615,142,1
1118,1205,1
1651,694,1
630,964,1
631,1190,1
1671,7,1
1164,329,1
142,189,1
1680,1985,1
1686,2268,1
664,1094,1
1691,324,1
1182,818,1
1704,99,1
688,1866,1
1729,1150,1
1737,830,1
1740,169,1
2253,298,1
1744,308,1
1240,1711,1
2266,528,1
2278,1786,1
233,1557,1
1773,641,1
756,1580,1
760,836,1
1794,2013,1
264,1266,1
1816,2215,1
795,1685,1
1823,2010,1
1823,2268,1
813,2088,1
814,1102,1
1328,517,1
817,196,1
1331,1686,1
1337,312,1
1856,1820,1
1864,2088,1
841,1517,1
856,855,1
2394,409,1
859,716,1
350,233,1
2402,2240,1
1894,2204,1
2428,683,1
1419,2173,1
1933,990,1
1944,793,1
928,2268,1
2474,1924,1
438,1958,1
961,982,1
450,458,1
2502,1278,1
1480,340,1
460,369,1
2516,2050,1
991,2268,1
1521,1398,1
2034,1286,1
1524,1685,1
1524,1686,1
1015,1601,1
2554,1121,1
1019,629,1
1538,873,1
516,735,1
1030,1800,1
1041,1833,1
1557,2226,1
536,2031,1
2581,1390,1
534,187,1
541,607,1
2590,1059,1
548,1367,1
1066,2210,1
556,711,1
45,413,1
2099,910,1
1589,691,1
1593,2021,1
1594,880,1
1084,2033,1
1088,280,1
586,1062,1
82,810,1
598,238,1
1119,1614,1
612,139,1
2160,1579,1
632,200,1
633,647,1
1658,2286,1
1149,155,1
640,1050,1
2195,1932,1
156,238,1
2210,1440,1
1188,2024,1
1705,344,1
1721,2023,1
187,739,1
1212,2103,1
699,677,1
1728,999,1
1220,1801,1
1738,1318,1
718,889,1
1237,22,1
730,741,1
1758,707,1
2273,419,1
738,860,1
2276,2051,1
230,192,1
743,1785,1
2288,1393,1
753,1229,1
754,57,1
2292,1818,1
2308,889,1
775,344,1
788,1111,1
2326,2036,1
2327,572,1
1306,2216,1
289,1697,1
290,470,1
1317,444,1
1835,184,1
821,1762,1
829,1001,1
1344,792,1
2369,220,1
335,202,1
1368,803,1
1385,127,1
1390,783,1
1396,2287,1
1401,1280,1
1403,567,1
895,195,1
1409,443,1
900,1131,1
1924,1141,1
1926,1392,1
393,2250,1
912,145,1
915,482,1
2451,539,1
923,821,1
1948,405,1
1950,1041,1
1964,1525,1
2477,228,1
950,2183,1
2490,1033,1
463,3,1
1488,1991,1
2512,30,1
2511,2286,1
2008,1236,1
993,1010,1
2019,1773,1
2022,26,1
2039,681,1
513,1717,1
2051,1790,1
1029,970,1
520,180,1
1547,457,1
1043,1951,1
27,1418,1
2588,1956,1
1572,1362,1
549,295,1
1063,105,1
2090,289,1
43,672,1
557,78,1
2095,1962,1
562,235,1
570,1417,1
1596,230,1
1598,221,1
1602,69,1
2120,769,1
87,866,1
88,652,1
1636,453,1
615,1417,1
635,1902,1
1661,1940,1
2174,1593,1
136,550,1
2188,768,1
2189,726,1
656,1799,1
2192,1422,1
1171,1344,1
147,463,1
670,587,1
1702,208,1
171,1130,1
690,262,1
2227,2091,1
1719,750,1
1743,50,1
1747,2105,1
1767,2028,1
1777,79,1
256,1020,1
261,1931,1
1292,1843,1
779,2002,1
1811,481,1
800,1282,1
818,1519,1
822,1085,1
310,292,1
2361,1384,1
314,1274,1
1850,2225,1
2378,1028,1
847,1191,1
1874,201,1
1876,2030,1
1372,502,1
871,2081,1
1896,222,1
1393,241,1
1397,1216,1
1911,2258,1
2423,2171,1
887,2002,1
379,214,1
1927,2085,1
2440,1126,1
905,1791,1
1930,943,1
2443,1784,1
2448,28,1
2464,269,1
424,1813,1
1967,1265,1
1457,835,1
434,675,1
435,840,1
1983,2098,1
1985,1983,1
1994,1481,1
470,991,1
988,949,1
1503,1967,1
484,223,1
1512,1282,1
1516,643,1
1009,1226,1
1522,2065,1
1525,1810,1
503,1339,1
2557,1368,1
2558,1167,1
2056,2209,1
1032,968,1
1038,1859,1
17,1808,1
529,477,1
2074,578,1
1057,613,1
1060,1221,1
555,2025,1
2094,1570,1
1604,1639,1
581,267,1
1609,2116,1
79,1943,1
592,1878,1
1620,1105,1
94,1609,1
2145,935,1
1634,1506,1
1126,1186,1
627,1588,1
120,1259,1
2169,1578,1
647,1767,1
149,678,1
2201,957,1
1178,1724,1
1698,6,1
1699,257,1
2212,277,1
168,1821,1
2216,851,1
176,1646,1
2226,875,1
1718,1631,1
2230,2265,1
703,1297,1
194,1995,1
711,1871,1
1229,664,1
2254,121,1
1247,1458,1
226,1012,1
1769,693,1
745,1796,1
1265,1603,1
241,2095,1
1275,671,1
254,529,1
1281,364,1
257,2034,1
259,2192,1
1799,1976,1
2320,1250,1
278,164,1
1818,194,1
799,53,1
1314,693,1
2340,1068,1
1318,1929,1
1837,427,1
824,1930,1
1851,1734,1
1852,1441,1
2367,1805,1
320,1442,1
1859,807,1
325,958,1
2382,1078,1
341,1715,1
1367,1815,1
345,1556,1
2396,1682,1
1892,304,1
1382,1994,1
2407,113,1
356,1052,1
362,174,1
2419,1420,1
380,1070,1
1406,1824,1
896,837,1
391,1100,1
1929,471,1
913,1004,1
1426,1727,1
1429,250,1
2456,1154,1
1958,283,1
2476,823,1
431,1181,1
1458,1933,1
2487,469,1
440,2,1
2497,1630,1
1473,1291,1
2503,1789,1
969,133,1
975,1625,1
976,199,1
976,1186,1
999,1312,1
2027,1966,1
499,165,1
1011,790,1
5,49,1
2574,1896,1
1040,353,1
530,1633,1
2578,1848,1
1559,1723,1
23,1149,1
2078,86,1
1055,997,1
1567,442,1
2042,333,1
2092,2054,1
1071,1802,1
560,1302,1
49,1913,1
2107,1934,1
579,331,1
580,33,1
73,311,1
1112,1299,1
603,2072,1
1116,2261,1
1117,1074,1
611,2092,1
2152,1166,1
111,1971,1
2159,928,1
625,978,1
1142,1839,1
1654,450,1
124,1064,1
2180,852,1
1161,429,1
1693,217,1
1694,313,1
1695,21,1
1185,1880,1
1701,1189,1
683,1744,1
2221,1965,1
2224,243,1
1717,110,1
1730,1959,1
1731,1184,1
1746,1465,1
1751,804,1
1751,1273,1
1242,279,1
736,1327,1
2274,41,1
739,1554,1
1252,1857,1
2277,2063,1
232,213,1
1257,2175,1
746,243,1
1768,1732,1
1778,1856,1
243,1778,1
1790,706,1
1278,688,1
1283,240,1
1312,1064,1
2337,1830,1
1826,1034,1
291,1313,1
299,335,1
2351,1981,1
2357,188,1
1346,1918,1
836,933,1
1350,2257,1
2381,212,1
853,602,1
865,82,1
2406,1083,1
2411,921,1
1901,1867,1
368,1921,1
1907,1311,1
893,478,1
384,140,1
1415,2255,1
1931,1935,1
400,2115,1
1428,1088,1
1943,1781,1
933,1883,1
2472,1109,1
425,1187,1
428,285,1
429,1364,1
943,358,1
443,1993,1
1980,1749,1
960,1098,1
1479,366,1
1993,1462,1
2517,1674,1
1498,1203,1
2013,986,1
995,1445,1
998,2266,1
1001,1498,1
2552,1443,1
2553,1023,1
1530,306,1
2046,582,1
2050,270,1
1539,2193,1
2573,1847,1
2575,97,1
2580,616,1
533,1008,1
32,944,1
1064,315,1
44,406,1
48,360,1
2608,555,1
1587,1738,1
2101,2197,1
2110,1347,1
578,2248,1
1091,1168,1
2118,1144,1
2119,1032,1
2124,966,1
2125,1235,1
1613,2015,1
1614,2046,1
1107,1939,1
1629,1978,1
1128,134,1
105,2037,1
2156,961,1
108,2252,1
2164,1973,1
1151,1604,1
2176,490,1
129,1662,1
1154,430,1
1669,839,1
2208,1922,1
2209,1827,1
680,1887,1
1192,1731,1
2220,1794,1
174,965,1
1203,2158,1
2233,1304,1
1209,822,1
1722,1599,1
698,1745,1
2240,475,1
713,1342,1
1739,573,1
208,1018,1
209,2184,1
2268,441,1
1251,77,1
1766,1011,1
744,1072,1
748,618,1
2286,1359,1
1775,870,1
2287,85,1
1272,460,1
251,724,1
766,1135,1
1795,1024,1
1797,690,1
1286,146,1
1805,1764,1
2318,1512,1
273,2285,1
789,178,1
805,637,1
296,1355,1
811,1104,1
1338,1925,1
828,655,1
317,1032,1
1858,1095,1
327,1055,1
1355,1746,1
1361,1906,1
2392,1427,1
347,954,1
869,734,1
872,1057,1
2414,1508,1
886,1899,1
378,2276,1
903,646,1
1932,761,1
2452,1511,1
2465,182,1
936,412,1
2473,451,1
1451,761,1
2479,1285,1
448,913,1
462,317,1
1998,1466,1
475,911,1
1502,206,1
1504,1528,1
482,2114,1
2536,337,1
2037,1954,1
515,1075,1
2563,2056,1
8,1759,1
521,2139,1
522,537,1
12,1213,1
2576,1500,1
2068,703,1
1556,2214,1
1047,1437,1
28,1176,1
543,204,1
39,914,1
2604,1334,1
1582,1013,1
561,1992,1
563,370,1
56,263,1
1600,2007,1
2126,846,1
595,445,1
1632,1858,1
2146,1091,1
101,197,1
2150,1718,1
2151,998,1
106,785,1
107,799,1
2154,1162,1
623,2188,1
2173,1889,1
1157,2244,1
1670,205,1
1672,122,1
137,1831,1
2204,1249,1
1697,390,1
164,1467,1
175,256,1
1206,1728,1
1215,215,1
2245,210,1
1226,2008,1
731,259,1
1757,1476,1
1245,2181,1
1255,2278,1
1259,1017,1
1787,1634,1
2299,1326,1
767,271,1
2303,59,1
773,1678,1
267,384,1
1808,1979,1
2333,2007,1
1322,1449,1
1324,1984,1
1339,703,1
1340,1228,1
2366,2008,1
835,1612,1
839,998,1
846,435,1
334,1333,1
1875,2254,1
339,1361,1
2388,1514,1
1366,374,1
1371,1776,1
2397,1025,1
1375,929,1
1379,1792,1
2421,373,1
381,281,1
2432,805,1
397,1016,1
1938,73,1
922,1316,1
413,1129,1
1448,476,1
427,902,1
1463,1597,1
1468,256,1
955,1957,1
2500,1541,1
459,1459,1
1496,1829,1
2018,1923,1
1507,1049,1
2532,1374,1
2535,40,1
497,2022,1
1531,2022,1
2561,569,1
2052,994,1
2565,2039,1
6,746,1
2570,2227,1
2060,2014,1
18,1164,1
535,584,1
2073,2284,1
1050,1320,1
2589,431,1
31,1434,1
2083,1337,1
1574,326,1
2600,956,1
2091,1772,1
1075,125,1
1599,1248,1
1599,1524,1
64,1256,1
2114,879,1
2114,2107,1
63,1271,1
1098,689,1
587,144,1
1616,1907,1
1106,1238,1
2141,861,1
2143,1073,1
104,2174,1
1649,74,1
1141,149,1
2167,1585,1
1147,819,1
1148,1402,1
638,1006,1
2182,1432,1
2183,2243,1
135,1521,1
2186,828,1
651,2014,1
141,2201,1
1677,1394,1
143,301,1
2193,918,1
151,1960,1
1690,695,1
1181,1047,1
2206,723,1
671,2290,1
2219,1807,1
1196,1183,1
1713,980,1
1207,802,1
185,254,1
706,345,1
707,1569,1
198,1220,1
1741,66,1
2255,1332,1
720,1248,1
727,640,1
1752,1183,1
729,1021,1
732,995,1
1256,1357,1
1770,1605,1
763,1204,1
263,847,1
266,118,1
786,720,1
1304,1463,1
792,71,1
1831,2279,1
2348,1636,1
2352,808,1
305,772,1
309,1369,1
1846,862,1
827,173,1
1857,759,1
844,775,1
1869,302,1
1872,1174,1
2389,417,1
864,1222,1
361,980,1
873,883,1
363,1214,1
2417,843,1
2430,2245,1
908,136,1
2447,421,1
1434,1269,1
1435,628,1
926,494,1
2462,2107,1
1959,1970,1
430,1113,1
436,951,1
952,752,1
442,423,1
2519,1741,1
2009,1271,1
1497,1118,1
2528,506,1
483,977,1
2020,1379,1
1007,1370,1
2058,1399,1
1052,1693,1
542,1035,1
30,18,1
2593,960,1
546,1874,1
2086,14,1
2088,1647,1
2606,1153,1
558,1879,1
46,592,1
1584,2195,1
564,897,1
2615,1406,1
60,832,1
572,1385,1
1603,645,1
1094,876,1
72,1087,1
602,1257,1
604,422,1
100,1058,1
1638,1642,1
2158,1518,1
1648,1645,1
113,507,1
117,596,1
2170,2018,1
1663,1321,1
642,452,1
2179,1254,1
134,699,1
648,414,1
1681,531,1
661,1836,1
153,2211,1
665,2264,1
169,1987,1
1707,424,1
2223,203,1
1714,1270,1
1720,521,1
1214,1536,1
1734,521,1
1222,392,1
199,543,1
2252,1247,1
1745,1754,1
725,2141,1
2267,108,1
224,633,1
2272,368,1
742,152,1
237,1972,1
750,411,1
2289,1877,1
1782,942,1
1270,766,1
2294,1795,1
1786,100,1
2298,1963,1
250,812,1
765,1672,1
2310,1477,1
781,597,1
2317,2061,1
1809,1573,1
1299,2057,1
286,548,1
1309,1208,1
798,1281,1
1841,397,1
2355,1351,1
1373,1294,1
1886,1986,1
863,1471,1
1377,518,1
1891,54,1
366,1719,1
1395,1632,1
1400,2019,1
1920,291,1
898,495,1
399,658,1
1430,1475,1
1952,2018,1
929,2233,1
2466,1510,1
426,1485,1
432,1782,1
1968,1276,1
1464,2068,1
2488,48,1
1471,777,1
1482,1405,1
970,1850,1
1484,872,1
971,1152,1
974,395,1
466,510,1
2518,1413,1
990,1644,1
479,2263,1
486,1910,1
487,801,1
2541,119,1
501,1571,1
3,1125,1
519,743,1
525,639,1
14,2106,1
1039,568,1
24,159,1
2076,2032,1
2602,246,1
1085,892,1
62,1240,1
69,1479,1
1607,1607,1
2121,1893,1
1121,473,1
616,1348,1
1130,1241,1
1644,459,1
1132,181,1
622,15,1
2172,1598,1
2177,1817,1
157,1822,1
676,1936,1
2213,1835,1
1706,1649,1
1193,2270,1
2236,2060,1
2237,2218,1
1726,1509,1
708,1608,1
1221,1616,1
197,1493,1
2247,1608,1
200,2196,1
712,376,1
2249,1828,1
1228,1353,1
206,246,1
722,1710,1
2259,67,1
1241,1576,1
236,1714,1
244,679,1
757,849,1
769,864,1
772,962,1
1290,385,1
269,219,1
1298,1086,1
279,1401,1
1305,603,1
281,2094,1
2332,975,1
804,1648,1
1323,2089,1
1325,1702,1
815,1145,1
2358,869,1
2372,993,1
324,138,1
840,1766,1
330,456,1
1868,2238,1
2383,1071,1
1877,1865,1
343,293,1
858,1139,1
861,2253,1
2418,2100,1
2420,797,1
1402,2005,1
1915,2084,1
892,1122,1
1404,1193,1
1919,399,1
1922,2172,1
901,2053,1
1425,2196,1
2450,198,1
1454,568,1
2483,1553,1
951,1300,1
1478,1457,1
2514,566,1
978,179,1
2005,1382,1
1495,2271,1
2522,348,1
2524,1542,1
992,1637,1
492,2112,1
1519,1289,1
2545,1753,1
1016,1663,1
506,1378,1
508,1233,1
1534,2156,1
511,483,1
2048,314,1
2049,838,1
2562,497,1
1540,1408,1
1028,27,1
1037,642,1
15,1132,1
1021,1534,1
2066,1613,1
19,1409,1
537,1349,1
538,1042,1
1051,1019,1
1053,1797,1
2077,1532,1
34,1147,1
1569,95,1
2087,491,1
1577,232,1
554,153,1
2607,2293,1
1072,945,1
2096,1472,1
54,356,1
1081,1980,1
68,2048,1
1608,247,1
1611,631,1
589,432,1
83,1454,1
2132,1128,1
1621,1480,1
1109,65,1
1624,488,1
1115,1425,1
2140,781,1
606,1438,1
2147,1864,1
1637,2272,1
1125,1948,1
103,950,1
1652,1486,1
1668,260,1
652,1520,1
1679,151,1
144,1961,1
2202,1324,1
1700,1725,1
1190,2221,1
1194,2177,1
2229,1953,1
701,789,1
193,536,1
1225,17,1
723,1560,1
1243,1409,1
737,1423,1
1765,1783,1
1253,696,1
2284,284,1
248,1708,1
252,971,1
260,2020,1
2319,2052,1
1302,2194,1
1313,617,1
2344,63,1
1834,601,1
812,318,1
300,1742,1
816,1707,1
2356,461,1
319,824,1
2373,1389,1
328,955,1
2379,1037,1
337,732,1
862,52,1
881,467,1
2422,1825,1
374,383,1
376,1165,1
2425,1840,1
1418,1720,1
403,1894,1
2454,504,1
919,1507,1
408,1774,1
1442,2020,1
1444,1673,1
433,565,1
1975,858,1
953,1998,1
2489,753,1
954,884,1
444,1854,1
957,2101,1
1470,1,1
1982,2102,1
1986,501,1
1475,1416,1
2510,1065,1
2001,786,1
467,1197,1
2520,328,1
2526,1439,1
2533,124,1
1510,1002,1
485,109,1
2542,1212,1
2543,2121,1
1523,1263,1
509,403,1
2566,1615,1
518,1180,1
1033,919,1
524,1224,1
2071,627,1
2585,1903,1
547,2222,1
2085,816,1
1581,1780,1
1077,55,1
2102,967,1
2109,2203,1
576,644,1
1601,2067,1
2115,190,1
75,719,1
1102,1669,1
1103,382,1
80,1461,1
2136,361,1
609,428,1
1124,29,1
2153,730,1
1647,1621,1
634,485,1
122,464,1
662,500,1
1174,2044,1
1687,525,1
154,1446,1
682,1218,1
685,1876,1
1197,1081,1
179,407,1
695,420,1
1723,1336,1
190,1743,1
702,1173,1
196,712,1
1232,1352,1
1235,126,1
2264,2170,1
1244,10,1
223,2110,1
740,1177,1
741,157,1
1263,1112,1
1264,1151,1
253,1106,1
1285,1473,1
774,826,1
2315,379,1
1807,1453,1
1815,848,1
796,1331,1
1327,540,1
1842,1293,1
1343,844,1
323,24,1
1353,84,1
850,560,1
2387,191,1
1365,1873,1
854,1156,1
342,2186,1
855,1219,1
1883,715,1
1384,1495,1
1900,509,1
1902,2231,1
1912,415,1
377,245,1
2431,1916,1
1921,1287,1
1416,2275,1
2444,969,1
911,1709,1
1942,1683,1
921,400,1
1945,611,1
411,1823,1
1437,721,1
925,378,1
414,1567,1
1433,878,1
930,770,1
419,974,1
1443,426,1
418,1529,1
1450,1577,1
940,1201,1
1453,299,1
2482,387,1
1459,1317,1
1973,1383,1
959,1804,1
2499,814,1
1990,1489,1
2507,621,1
2010,2191,1
996,1552,1
493,401,1
1518,1917,1
1008,282,1
2549,2256,1
2040,687,1
1537,492,1
4,1450,1
526,418,1
527,51,1
2063,1944,1
1555,947,1
1045,131,1
1049,242,1
1565,135,1
1056,338,1
1578,2001,1
568,827,1
1095,1739,1
1096,2246,1
1099,1666,1
77,1651,1
81,170,1
89,310,1
92,1375,1
1633,505,1
1123,1949,1
99,2247,1
613,1826,1
1643,1388,1
1134,2026,1
626,710,1
114,1920,1
121,1687,1
1660,72,1
1158,175,1
2185,1101,1
649,1483,1
1675,1261,1
1674,466,1
2191,1566,1
660,2249,1
2197,1315,1
1175,355,1
1184,25,1
673,1322,1
677,1366,1
679,1655,1
1199,359,1
697,1590,1
2234,2168,1
1727,1937,1
195,888,1
1223,496,1
207,1054,1
719,684,1
212,1310,1
2261,1505,1
1763,1499,1
2291,936,1
1269,106,1
1784,1989,1
2302,346,1
268,1964,1
1295,1206,1
1297,1946,1
787,508,1
1320,1684,1
1833,981,1
298,953,1
2353,1428,1
1843,81,1
2362,107,1
2364,307,1
1349,1082,1
326,294,1
1351,1231,1
1356,332,1
1871,402,1
351,1354,1
1895,1350,1
2410,1202,1
874,1654,1
884,1358,1
889,1945,1
2429,436,1
2446,1581,1
1423,2049,1
409,788,1
410,973,1
1440,1031,1
2467,714,1
935,1171,1
1962,867,1
944,680,1
945,859,1
1460,75,1
1462,290,1
441,1363,1
1987,532,1
1999,83,1
465,1003,1
2007,1198,1
2011,692,1
2529,1568,1
1505,2198,1
2030,2208,1
2546,1846,1
2035,1737,1
1012,2167,1
1529,1656,1
2043,1737,1
510,2097,1
2061,1127,1
2065,61,1
2587,440,1
29,2280,1
2591,765,1
2592,349,1
2082,273,1
2597,1982,1
1069,905,1
2611,1237,1
567,1456,1
569,130,1
59,2187,1
574,514,1
2112,1623,1
78,1667,1
1104,1561,1
1120,1092,1
97,309,1
610,1595,1
1635,1695,1
1641,1120,1
1650,1079,1
119,1478,1
2184,486,1
146,1812,1
2205,1482,1
669,2099,1
1696,380,1
165,341,1
166,209,1
2215,701,1
1703,729,1
2217,1628,1
1189,1969,1
1198,2093,1
691,622,1
183,580,1
1210,635,1
1211,2040,1
188,749,1
700,132,1
1724,1763,1
724,1400,1
215,1777,1
1239,1832,1
1764,1429,1
229,576,1
1258,11,1
752,1277,1
758,137,1
1783,2035,1
247,2035,1
1273,1045,1
761,1376,1
1277,42,1
1789,1306,1
1792,938,1
2304,123,1
2307,1942,1
784,796,1
785,1329,1
1812,1138,1
790,1169,1
2331,1014,1
2341,1046,1
2342,1387,1
2345,1819,1
809,1015,1
301,1968,1
820,64,1
2359,480,1
1336,1063,1
832,1412,1
837,1584,1
1867,1610,1
331,1701,1
1358,2157,1
1363,1798,1
1364,1338,1
852,841,1
348,162,1
1889,996,1
2403,1296,1
369,1200,1
370,700,1
1910,1516,1
1398,1996,1
1916,31,1
1421,1029,1
917,1586,1
918,47,1
415,1468,1
1971,886,1
2493,787,1
962,574,1
1988,389,1
1991,2190,1
2504,1704,1
456,941,1
972,1513,1
1992,227,1
2523,1376,1
1000,261,1
488,2062,1
1017,1977,1
505,1788,1
2045,1188,1
1042,1638,1
2079,666,1
544,1658,1
2596,1681,1
2084,1619,1
1062,2122,1
1070,1039,1
1585,748,1
2609,1343,1
52,1680,1
58,820,1
61,728,1
1090,1692,1
2117,1606,1
583,288,1
84,1627,1
2134,1564,1
90,2262,1
93,1712,1
1630,2180,1
618,1298,1
1657,1005,1
126,1319,1
639,218,1
1666,1158,1
1156,1726,1
152,398,1
155,659,1
158,1044,1
173,1895,1
1711,80,1
696,1875,1
2241,2228,1
710,94,1
2248,2126,1
2251,2055,1
1234,1641,1
1750,1757,1
735,1403,1
1249,538,1
227,686,1
2279,1414,1
2290,1555,1
1268,863,1
1274,1262,1
762,2082,1
1276,1905,1
1791,60,1
770,1691,1
258,1211,1
780,1811,1
1294,1134,1
2322,1892,1
277,363,1
1814,1496,1
2328,1303,1
283,371,1
1820,1653,1
1822,1760,1
1828,623,1
292,674,1
806,1027,1
302,820,1
1326,2230,1
1329,1872,1
315,1411,1
1342,362,1
1855,296,1
1862,854,1
329,1251,1
845,702,1
2390,2273,1
352,988,1
1378,101,1
1387,410,1
1392,708,1
371,1863,1
372,93,1
2426,1038,1
2433,667,1
390,264,1
902,610,1
910,1474,1
404,1641,1
406,718,1
412,1523,1
1436,224,1
927,590,1
1441,1618,1
947,2236,1
1465,2262,1
1981,1067,1
2495,940,1
452,912,1
967,2219,1
977,544,1
2002,800,1
980,1664,1
1493,2251,1
989,1809,1
478,2059,1
1514,1837,1
1515,1730,1
2028,556,1
500,1974,1
2036,1870,1
2551,1436,1
2560,404,1
1025,1288,1
1,1093,1
1034,1371,1
2062,1217,1
1551,1904,1
21,1373,1
2072,1484,1
1023,163,1
1568,1587,1
551,168,1
41,2283,1
1580,1253,1
2098,268,1
50,1713,1
1586,305,1
1592,1110,1
1087,166,1
591,120,1
1618,1283,1
1108,1881,1
1623,1275,1
1114,756,1
605,893,1
109,150,1
1646,894,1
1136,1148,1
1138,780,1
1653,834,1
1667,16,1
138,111,1
1162,937,1
1169,1195,1
1683,1341,1
1173,448,1
2199,833,1
1177,1292,1
167,1670,1
1200,115,1
1204,1192,1
1208,275,1
1213,1464,1
2238,1502,1
191,183,1
2250,2123,1
2256,1115,1
1755,511,1
1248,211,1
747,287,1
1779,1258,1
755,1572,1
245,1215,1
2293,1927,1
764,237,1
1280,1755,1
1798,2182,1
2313,1771,1
1802,579,1
1803,705,1
1804,2162,1
782,1941,1
783,2239,1
2321,1175,1
794,68,1
2330,1056,1
1307,1308,1
2336,1391,1
1829,577,1
1830,771,1
2343,559,1
1333,354,1
830,1264,1
1854,992,1
1861,1421,1
2374,234,1
1360,1053,1
857,1290,1
1374,1842,1
1386,1853,1
1388,763,1
880,1999,1
2416,976,1
2424,620,1
1407,148,1
1412,1793,1
394,98,1
1937,1487,1
1447,2205,1
939,2045,1
1963,2123,1
2480,1849,1
1970,1080,1
437,185,1
2498,1543,1
1477,984,1
1996,2011,1
2000,1117,1
1490,1851,1
468,2038,1
469,1531,1
986,626,1
1509,774,1
1513,1891,1
1002,1060,1
1517,2047,1
2033,1090,1
1014,1624,1
504,871,1
1018,1295,1
1535,1589,1
512,1869,1
1024,1698,1
0,117,1
1542,1912,1
1031,1501,1
9,1885,1
16,352,1
1553,939,1
528,2074,1
2579,1844,1
20,742,1
1048,1107,1
1560,1267,1
42,845,1
2603,1947,1
47,1133,1
51,2200,1
1076,1919,1
565,1076,1
2106,2281,1
573,1330,1
2116,900,1
1617,1488,1
2129,1114,1
600,2235,1
2139,2220,1
617,829,1
1131,92,1
1135,906,1
624,920,1
1140,1547,1
1139,229,1
1656,557,1
2171,825,1
128,1099,1
643,698,1
2190,868,1
667,2152,1
186,102,1
1733,493,1
1756,722,1
1250,554,1
2281,1426,1
1772,1207,1
1776,408,1
1781,784,1
759,1897,1
2297,829,1
1289,2212,1
1301,764,1
791,948,1
1308,1301,1
1827,713,1
1319,632,1
1849,2017,1
826,562,1
318,2086,1
1347,952,1
2375,1116,1
2377,484,1
1354,2009,1
333,2077,1
1870,1938,1
1362,2017,1
1878,1252,1
1370,2003,1
354,300,1
1381,923,1
358,665,1
357,251,1
2408,1007,1
870,316,1
367,1410,1
890,865,1
894,474,1
2434,1721,1
2436,600,1
2438,1602,1
1420,670,1
398,1396,1
916,2083,1
407,1696,1
1956,1677,1
421,2206,1
1957,2189,1
1445,141,1
2478,381,1
956,1196,1
2494,1159,1
1472,1136,1
985,877,1
473,23,1
2525,615,1
2525,1721,1
2021,1955,1
2024,425,1
514,985,1
1550,2185,1
1552,2075,1
1046,37,1
2595,1026,1
1067,673,1
2123,0,1
594,2143,1
597,1146,1
599,987,1
2135,2113,1
614,20,1
1133,1748,1
1153,798,1
133,176,1
139,1491,1
1678,161,1
1166,1591,1
1168,1990,1
1172,321,1
1179,1562,1
672,114,1
675,12,1
170,983,1
2225,1243,1
1227,1346,1
205,276,1
1748,1430,1
1749,160,1
2270,1527,1
1759,2108,1
239,813,1
751,236,1
1774,891,1
1267,454,1
2295,1914,1
2301,2096,1
768,1170,1
262,2043,1
271,1975,1
272,585,1
1300,1722,1
1813,2066,1
280,2140,1
2338,2288,1
1316,989,1
1839,1009,1
2354,704,1
1844,605,1
313,1816,1
1348,186,1
1863,1952,1
2376,972,1
332,1643,1
1359,1868,1
2393,1690,1
2399,489,1
1887,2078,1
353,1620,1
2401,515,1
1383,394,1
1898,1503,1
364,1268,1
877,103,1
891,88,1
1923,1733,1
899,1852,1
1928,630,1
1936,1386,1
2449,1551,1
401,2000,1
1941,1750,1
1947,1779,1
2461,1260,1
1439,791,1
1954,1323,1
423,357,1
1969,881,1
1974,468,1
439,1574,1
1979,903,1
1984,1705,1
1997,1066,1
1492,2288,1
2012,375,1
2016,1380,1
2530,1142,1
994,817,1
1511,676,1
2537,625,1
489,1928,1
2025,1242,1
491,193,1
495,1103,1
496,177,1
2032,1451,1
1536,874,1
2571,1161,1
1549,1747,1
1044,258,1
1561,322,1
2586,2166,1
1564,1679,1
1573,350,1
1575,1314,1
2089,934,1
2610,1689,1
1588,437,1
1590,2164,1
1080,320,1
57,899,1
2556,1657,1
1597,1360,1
577,2087,1
582,446,1
1100,2153,1
588,1729,1
2128,2016,1
86,499,1
1622,2242,1
91,1328,1
607,13,1
619,154,1
118,1244,1
1662,1119,1
1150,1716,1
1665,1537,1
132,1660,1
650,172,1
655,319,1
658,636,1
1684,1381,1
148,1470,1
1685,2269,1
668,1988,1
2207,779,1
2222,2282,1
177,8,1
1201,1123,1
1715,959,1
180,1668,1
182,638,1
694,1077,1
1725,624,1
189,1494,1
2239,2176,1
204,167,1
1231,330,1
2269,1365,1
733,853,1
1762,158,1
240,1583,1
1266,2142,1
2309,2179,1
2311,1143,1
1801,1626,1
1296,609,1
1810,1069,1
2324,1803,1
793,1061,1
282,1255,1
1817,754,1
1315,244,1
293,2127,1
2349,1594,1
308,297,1
843,850,1
1881,558,1
1885,1185,1
355,2120,1
2412,1000,1
365,2277,1
878,1325,1
876,1549,1
1906,1395,1
1908,266,1
1909,2079,1
373,1447,1
888,2006,1
1408,2217,1
1410,1210,1
2435,1665,1
2439,96,1
395,2165,1
396,1377,1
1960,1582,1
937,1550,1
2475,1245,1
949,274,1
2485,9,1
963,931,1
1476,216,1
965,1861,1
457,143,1
458,2118,1
2505,1882,1
1487,815,1
979,156,1
2521,1435,1
1506,1575,1
2540,2259,1
1006,727,1
1520,1530,1
1010,1890,1
2547,1769,1
2038,895,1
1020,323,1
1026,794,1
2567,503,1
2568,1611,1
2577,930,1
25,806,1
2075,1765,1
2080,377,1
2081,1419,1
1571,90,1
35,1040,1
1059,45,1
2599,434,1
40,1558,1
1576,87,1
2100,2213,1
53,1433,1
2104,831,1
584,396,1
2131,225,1
1122,2151,1
102,2163,1
112,1735,1
115,91,1
1655,1194,1
1146,5,1
1659,1671,1
641,1043,1
2187,1096,1
654,2292,1
2194,116,1
150,252,1
1692,1596,1
161,733,1
1186,2223,1
1187,811,1
2218,351,1
1217,1340,1
714,472,1
716,2012,1
210,2154,1
213,1860,1
1238,731,1
2262,1424,1
2263,1140,1
2265,2224,1
1754,2080,1
728,44,1
216,885,1
218,1036,1
1246,2160,1
1760,856,1
231,1397,1
242,2080,1
2305,1279,1
1796,842,1
1284,70,1
776,2076,1
2316,265,1
1806,1372,1
1303,2237,1
1819,1834,1
288,1515,1
1824,32,1
295,757,1
1832,654,1
2347,1335,1
1332,1841,1
823,581,1
2360,1886,1
2363,1559,1
1341,2199,1
831,773,1
1860,1504,1
1357,1950,1
849,717,1
1376,1901,1
868,2029,1
1918,1469,1
385,207,1
1414,58,1
1413,682,1
1935,498,1
1939,449,1
2463,1546,1
417,887,1
1965,1448,1
1456,1172,1
1978,479,1
1469,465,1
445,239,1
1995,2137,1
973,4,1
1485,737,1
2513,278,1
2006,89,1
2014,1526,1
2527,286,1
2017,19,1
1508,1404,1
2534,1246,1
1005,795,1
1013,76,1
1526,1770,1
